{
  "ANTIOQUIA": 
  [
  "ABEJORRAL",
  "ABRIAQUI",
  "ALEJANDRIA",
  "AMAGA",
  "AMALFI",
  "ANDES",
  "ANGELOPOLIS",
  "ANGOSTURA",
  "ANORI",
  "ANZA",
  "APARTADO",
  "ARBOLETES",
  "ARGELIA",
  "ARMENIA",
  "BARBOSA",
  "BELLO",
  "BELMIRA",
  "BETANIA",
  "BETULIA",
  "BRICEÑO",
  "BURITICA",
  "CACERES",
  "CAICEDO",
  "CALDAS",
  "CAMPAMENTO",
  "CARACOLI",
  "CARAMANTA",
  "CAREPA",
  "CAROLINA",
  "CAUCASIA",
  "CAÑASGORDAS",
  "CHIGORODO",
  "CISNEROS",
  "CIUDAD BOLIVAR",
  "COCORNA",
  "CONCEPCION",
  "CONCORDIA",
  "COPACABANA",
  "DABEIBA",
  "DON MATIAS",
  "EBEJICO",
  "EL BAGRE",
  "EL CARMEN DE VIBORAL",
  "EL SANTUARIO",
  "ENTRERRIOS",
  "ENVIGADO",
  "FREDONIA",
  "FRONTINO",
  "GIRALDO",
  "GIRARDOTA",
  "GOMEZ PLATA",
  "GRANADA",
  "GUADALUPE",
  "GUARNE",
  "GUATAPE",
  "HELICONIA",
  "HISPANIA",
  "ITAGUI",
  "ITUANGO",
  "JARDIN",
  "JERICO",
  "LA CEJA",
  "LA ESTRELLA",
  "LA PINTADA",
  "LA UNION",
  "LIBORINA",
  "MACEO",
  "MARINILLA",
  "MEDELLIN",
  "MONTEBELLO",
  "MURINDO",
  "MUTATA",
  "NARIÑO",
  "NECHI",
  "NECOCLI",
  "OLAYA",
  "PEQUE",
  "PEÐOL",
  "PUEBLORRICO",
  "PUERTO BERRIO",
  "PUERTO NARE",
  "PUERTO TRIUNFO",
  "REMEDIOS",
  "RETIRO",
  "RIONEGRO",
  "SABANALARGA",
  "SABANETA",
  "SALGAR",
  "SAN ANDRES DE CUERQUIA",
  "SAN CARLOS",
  "SAN FRANCISCO",
  "SAN JERONIMO",
  "SAN JOSE DE LA MONTAÑA",
  "SAN JUAN DE URABA",
  "SAN LUIS",
  "SAN PEDRO",
  "SAN PEDRO DE URABA",
  "SAN RAFAEL",
  "SAN ROQUE",
  "SAN VICENTE",
  "SANTA BARBARA",
  "SANTA ROSA DE OSOS",
  "SANTAFE DE ANTIOQUIA",
  "SANTO DOMINGO",
  "SEGOVIA",
  "SONSON",
  "SOPETRAN",
  "TAMESIS",
  "TARAZA",
  "TARSO",
  "TITIRIBI",
  "TOLEDO",
  "TURBO",
  "URAMITA",
  "URRAO",
  "VALDIVIA",
  "VALPARAISO",
  "VEGACHI",
  "VENECIA",
  "VIGIA DEL FUERTE",
  "YALI",
  "YARUMAL",
  "YOLOMBO",
  "YONDO",
  "ZARAGOZA"
],
"ATLANTICO": [
  "ABEJORRAL",
  "ABREGO",
  "ABRIAQUI",
  "ACACIAS",
  "ACANDI",
  "ACEVEDO",
  "ACHI",
  "AGRADO",
  "AGUA DE DIOS",
  "AGUACHICA",
  "AGUADA",
  "AGUADAS",
  "AGUAZUL",
  "AGUSTIN CODAZZI",
  "AIPE",
  "ALBAN",
  "ALBAN",
  "ALBANIA",
  "ALBANIA",
  "ALBANIA",
  "ALCALA",
  "ALDANA",
  "ALEJANDRIA",
  "ALGARROBO",
  "ALGECIRAS",
  "ALMAGUER",
  "ALMEIDA",
  "ALPUJARRA",
  "ALTAMIRA",
  "ALTO BAUDO",
  "ALTOS DEL ROSARIO",
  "ALVARADO",
  "AMAGA",
  "AMALFI",
  "AMBALEMA",
  "ANAPOIMA",
  "ANCUYA",
  "ANDALUCIA",
  "ANDES",
  "ANGELOPOLIS",
  "ANGOSTURA",
  "ANOLAIMA",
  "ANORI",
  "ANSERMA",
  "ANSERMANUEVO",
  "ANZA",
  "ANZOATEGUI",
  "APARTADO",
  "APIA",
  "APULO",
  "AQUITANIA",
  "ARACATACA",
  "ARANZAZU",
  "ARATOCA",
  "ARAUCA",
  "ARAUQUITA",
  "ARBELAEZ",
  "ARBOLEDA",
  "ARBOLEDAS",
  "ARBOLETES",
  "ARCABUCO",
  "ARENAL",
  "ARGELIA",
  "ARGELIA",
  "ARGELIA",
  "ARIGUANI",
  "ARJONA",
  "ARMENIA",
  "ARMENIA",
  "ARMERO",
  "ARROYOHONDO",
  "ASTREA",
  "ATACO",
  "ATRATO",
  "AYAPEL",
  "BAGADO",
  "BAHIA SOLANO",
  "BAJO BAUDO",
  "BALBOA",
  "BALBOA",
  "BARAYA",
  "BARBACOAS",
  "BARBOSA",
  "BARBOSA",
  "BARICHARA",
  "BARRANCA DE UPIA",
  "BARRANCABERMEJA",
  "BARRANCAS",
  "BARRANCO DE LOBA",
  "BARRANCO MINAS",
  "BECERRIL",
  "BELALCAZAR",
  "BELEN",
  "BELEN",
  "BELEN DE LOS ANDAQUIES",
  "BELEN DE UMBRIA",
  "BELLO",
  "BELMIRA",
  "BELTRAN",
  "BERBEO",
  "BETANIA",
  "BETEITIVA",
  "BETULIA",
  "BETULIA",
  "BITUIMA",
  "BOAVITA",
  "BOCHALEMA",
  "BOGOTA, D.C.",
  "BOJACA",
  "BOJAYA",
  "BOLIVAR",
  "BOLIVAR",
  "BOLIVAR",
  "BOSCONIA",
  "BOYACA",
  "BRICEÑO",
  "BRICEÑO",
  "BUCARAMANGA",
  "BUCARASICA",
  "BUENAVENTURA",
  "BUENAVISTA",
  "BUENAVISTA",
  "BUENAVISTA",
  "BUENAVISTA",
  "BUENOS AIRES",
  "BUESACO",
  "BUGALAGRANDE",
  "BURITICA",
  "BUSBANZA",
  "CABRERA",
  "CABRERA",
  "CABUYARO",
  "CACAHUAL",
  "CACERES",
  "CACHIPAY",
  "CACHIRA",
  "CACOTA",
  "CAICEDO",
  "CAICEDONIA",
  "CAIMITO",
  "CAJAMARCA",
  "CAJIBIO",
  "CAJICA",
  "CALAMAR",
  "CALAMAR",
  "CALARCA",
  "CALDAS",
  "CALDAS",
  "CALDONO",
  "CALI",
  "CALIFORNIA",
  "CALIMA",
  "CALOTO",
  "CAMPAMENTO",
  "CAMPOALEGRE",
  "CAMPOHERMOSO",
  "CANALETE",
  "CANDELARIA",
  "CANTAGALLO",
  "CAPARRAPI",
  "CAPITANEJO",
  "CAQUEZA",
  "CARACOLI",
  "CARAMANTA",
  "CARCASI",
  "CAREPA",
  "CARMEN DE APICALA",
  "CARMEN DE CARUPA",
  "CARMEN DEL DARIEN",
  "CAROLINA",
  "CARTAGENA",
  "CARTAGENA DEL CHAIRA",
  "CARTAGO",
  "CARURU",
  "CASABIANCA",
  "CASTILLA LA NUEVA",
  "CAUCASIA",
  "CAÑASGORDAS",
  "CEPITA",
  "CERETE",
  "CERINZA",
  "CERRITO",
  "CERRO SAN ANTONIO",
  "CERTEGUI",
  "CHACHAGsI",
  "CHAGUANI",
  "CHALAN",
  "CHAMEZA",
  "CHAPARRAL",
  "CHARALA",
  "CHARTA",
  "CHIA",
  "CHIBOLO",
  "CHIGORODO",
  "CHIMA",
  "CHIMA",
  "CHIMICHAGUA",
  "CHINACOTA",
  "CHINAVITA",
  "CHINCHINA",
  "CHINU",
  "CHIPAQUE",
  "CHIPATA",
  "CHIQUINQUIRA",
  "CHIQUIZA",
  "CHIRIGUANA",
  "CHISCAS",
  "CHITA",
  "CHITAGA",
  "CHITARAQUE",
  "CHIVATA",
  "CHIVOR",
  "CHOACHI",
  "CHOCONTA",
  "CICUCO",
  "CIENAGA",
  "CIENAGA DE ORO",
  "CIENEGA",
  "CIMITARRA",
  "CIRCASIA",
  "CISNEROS",
  "CIUDAD BOLIVAR",
  "CLEMENCIA",
  "COCORNA",
  "COELLO",
  "COGUA",
  "COLOMBIA",
  "COLON",
  "COLON",
  "COLOSO",
  "COMBITA",
  "CONCEPCION",
  "CONCEPCION",
  "CONCORDIA",
  "CONCORDIA",
  "CONDOTO",
  "CONFINES",
  "CONSACA",
  "CONTADERO",
  "CONTRATACION",
  "CONVENCION",
  "COPACABANA",
  "COPER",
  "CORDOBA",
  "CORDOBA",
  "CORDOBA",
  "CORINTO",
  "COROMORO",
  "COROZAL",
  "CORRALES",
  "COTA",
  "COTORRA",
  "COVARACHIA",
  "COVEÑAS",
  "COYAIMA",
  "CRAVO NORTE",
  "CUASPUD",
  "CUBARA",
  "CUBARRAL",
  "CUCAITA",
  "CUCUNUBA",
  "CUCUTA",
  "CUCUTILLA",
  "CUITIVA",
  "CUMARAL",
  "CUMARIBO",
  "CUMBAL",
  "CUMBITARA",
  "CUNDAY",
  "CURILLO",
  "CURITI",
  "CURUMANI",
  "DABEIBA",
  "DAGUA",
  "DIBULLA",
  "DISTRACCION",
  "DOLORES",
  "DON MATIAS",
  "DOSQUEBRADAS",
  "DUITAMA",
  "DURANIA",
  "EBEJICO",
  "EL AGUILA",
  "EL BAGRE",
  "EL BANCO",
  "EL CAIRO",
  "EL CALVARIO",
  "EL CANTON DEL SAN PABLO",
  "EL CARMEN",
  "EL CARMEN DE ATRATO",
  "EL CARMEN DE BOLIVAR",
  "EL CARMEN DE CHUCURI",
  "EL CARMEN DE VIBORAL",
  "EL CASTILLO",
  "EL CERRITO",
  "EL CHARCO",
  "EL COCUY",
  "EL COLEGIO",
  "EL COPEY",
  "EL DONCELLO",
  "EL DORADO",
  "EL DOVIO",
  "EL ENCANTO",
  "EL ESPINO",
  "EL GUACAMAYO",
  "EL GUAMO",
  "EL LITORAL DEL SAN JUAN",
  "EL MOLINO",
  "EL PASO",
  "EL PAUJIL",
  "EL PEÑOL",
  "EL PEÑON",
  "EL PEÑON",
  "EL PEÑON",
  "EL PIÑON",
  "EL PLAYON",
  "EL RETEN",
  "EL RETORNO",
  "EL ROBLE",
  "EL ROSAL",
  "EL ROSARIO",
  "EL SANTUARIO",
  "EL TABLON DE GOMEZ",
  "EL TAMBO",
  "EL TAMBO",
  "EL TARRA",
  "EL ZULIA",
  "ELIAS",
  "ENCINO",
  "ENCISO",
  "ENTRERRIOS",
  "ENVIGADO",
  "ESPINAL",
  "FACATATIVA",
  "FALAN",
  "FILADELFIA",
  "FILANDIA",
  "FIRAVITOBA",
  "FLANDES",
  "FLORENCIA",
  "FLORENCIA",
  "FLORESTA",
  "FLORIAN",
  "FLORIDA",
  "FLORIDABLANCA",
  "FOMEQUE",
  "FONSECA",
  "FORTUL",
  "FOSCA",
  "FRANCISCO PIZARRO",
  "FREDONIA",
  "FRESNO",
  "FRONTINO",
  "FUENTE DE ORO",
  "FUNDACION",
  "FUNES",
  "FUNZA",
  "FUQUENE",
  "FUSAGASUGA",
  "GACHALA",
  "GACHANCIPA",
  "GACHANTIVA",
  "GACHETA",
  "GALAN",
  "GALERAS",
  "GAMA",
  "GAMARRA",
  "GAMBITA",
  "GAMEZA",
  "GARAGOA",
  "GARZON",
  "GENOVA",
  "GIGANTE",
  "GINEBRA",
  "GIRALDO",
  "GIRARDOT",
  "GIRARDOTA",
  "GIRON",
  "GOMEZ PLATA",
  "GONZALEZ",
  "GRAMALOTE",
  "GRANADA",
  "GRANADA",
  "GRANADA",
  "GUACA",
  "GUACAMAYAS",
  "GUACARI",
  "GUACHENE",
  "GUACHETA",
  "GUACHUCAL",
  "GUADALAJARA DE BUGA",
  "GUADALUPE",
  "GUADALUPE",
  "GUADALUPE",
  "GUADUAS",
  "GUAITARILLA",
  "GUALMATAN",
  "GUAMAL",
  "GUAMAL",
  "GUAMO",
  "GUAPI",
  "GUAPOTA",
  "GUARANDA",
  "GUARNE",
  "GUASCA",
  "GUATAPE",
  "GUATAQUI",
  "GUATAVITA",
  "GUATEQUE",
  "GUATICA",
  "GUAVATA",
  "GUAYABAL DE SIQUIMA",
  "GUAYABETAL",
  "GUAYATA",
  "GUTIERREZ",
  "GsEPSA",
  "GsICAN",
  "HACARI",
  "HATILLO DE LOBA",
  "HATO",
  "HATO COROZAL",
  "HATONUEVO",
  "HELICONIA",
  "HERRAN",
  "HERVEO",
  "HISPANIA",
  "HOBO",
  "HONDA",
  "IBAGUE",
  "ICONONZO",
  "ILES",
  "IMUES",
  "INIRIDA",
  "INZA",
  "IPIALES",
  "IQUIRA",
  "ISNOS",
  "ISTMINA",
  "ITAGUI",
  "ITUANGO",
  "IZA",
  "JAMBALO",
  "JAMUNDI",
  "JARDIN",
  "JENESANO",
  "JERICO",
  "JERICO",
  "JERUSALEN",
  "JESUS MARIA",
  "JORDAN",
  "JUNIN",
  "JURADO",
  "LA APARTADA",
  "LA ARGENTINA",
  "LA BELLEZA",
  "LA CALERA",
  "LA CAPILLA",
  "LA CEJA",
  "LA CELIA",
  "LA CHORRERA",
  "LA CRUZ",
  "LA CUMBRE",
  "LA DORADA",
  "LA ESPERANZA",
  "LA ESTRELLA",
  "LA FLORIDA",
  "LA GLORIA",
  "LA GUADALUPE",
  "LA JAGUA DE IBIRICO",
  "LA JAGUA DEL PILAR",
  "LA LLANADA",
  "LA MACARENA",
  "LA MERCED",
  "LA MESA",
  "LA MONTAÑITA",
  "LA PALMA",
  "LA PAZ",
  "LA PAZ",
  "LA PEDRERA",
  "LA PEÑA",
  "LA PINTADA",
  "LA PLATA",
  "LA PLAYA",
  "LA PRIMAVERA",
  "LA SALINA",
  "LA SIERRA",
  "LA TEBAIDA",
  "LA TOLA",
  "LA UNION",
  "LA UNION",
  "LA UNION",
  "LA UNION",
  "LA UVITA",
  "LA VEGA",
  "LA VEGA",
  "LA VICTORIA",
  "LA VICTORIA",
  "LA VICTORIA",
  "LA VIRGINIA",
  "LABATECA",
  "LABRANZAGRANDE",
  "LANDAZURI",
  "LEBRIJA",
  "LEGUIZAMO",
  "LEIVA",
  "LEJANIAS",
  "LENGUAZAQUE",
  "LERIDA",
  "LETICIA",
  "LIBANO",
  "LIBORINA",
  "LINARES",
  "LLORO",
  "LOPEZ",
  "LORICA",
  "LOS ANDES",
  "LOS CORDOBAS",
  "LOS PALMITOS",
  "LOS PATIOS",
  "LOS SANTOS",
  "LOURDES",
  "MACANAL",
  "MACARAVITA",
  "MACEO",
  "MACHETA",
  "MADRID",
  "MAGANGUE",
  "MAGsI",
  "MAHATES",
  "MAICAO",
  "MAJAGUAL",
  "MALAGA",
  "MALLAMA",
  "MANAURE",
  "MANAURE",
  "MANI",
  "MANIZALES",
  "MANTA",
  "MANZANARES",
  "MAPIRIPAN",
  "MAPIRIPANA",
  "MARGARITA",
  "MARIA LA BAJA",
  "MARINILLA",
  "MARIPI",
  "MARIQUITA",
  "MARMATO",
  "MARQUETALIA",
  "MARSELLA",
  "MARULANDA",
  "MATANZA",
  "MEDELLIN",
  "MEDINA",
  "MEDIO ATRATO",
  "MEDIO BAUDO",
  "MEDIO SAN JUAN",
  "MELGAR",
  "MERCADERES",
  "MESETAS",
  "MILAN",
  "MIRAFLORES",
  "MIRAFLORES",
  "MIRANDA",
  "MIRITI - PARANA",
  "MISTRATO",
  "MITU",
  "MOCOA",
  "MOGOTES",
  "MOLAGAVITA",
  "MOMIL",
  "MOMPOS",
  "MONGUA",
  "MONGUI",
  "MONIQUIRA",
  "MONTEBELLO",
  "MONTECRISTO",
  "MONTELIBANO",
  "MONTENEGRO",
  "MONTERIA",
  "MONTERREY",
  "MORALES",
  "MORALES",
  "MORELIA",
  "MORICHAL",
  "MORROA",
  "MOSQUERA",
  "MOSQUERA",
  "MOTAVITA",
  "MOÑITOS",
  "MURILLO",
  "MURINDO",
  "MUTATA",
  "MUTISCUA",
  "MUZO",
  "NARIÑO",
  "NARIÑO",
  "NARIÑO",
  "NATAGA",
  "NATAGAIMA",
  "NECHI",
  "NECOCLI",
  "NEIRA",
  "NEIVA",
  "NEMOCON",
  "NILO",
  "NIMAIMA",
  "NOBSA",
  "NOCAIMA",
  "NORCASIA",
  "NOROSI",
  "NOVITA",
  "NUEVA GRANADA",
  "NUEVO COLON",
  "NUNCHIA",
  "NUQUI",
  "OBANDO",
  "OCAMONTE",
  "OCAÑA",
  "OIBA",
  "OICATA",
  "OLAYA",
  "OLAYA HERRERA",
  "ONZAGA",
  "OPORAPA",
  "ORITO",
  "OROCUE",
  "ORTEGA",
  "OSPINA",
  "OTANCHE",
  "OVEJAS",
  "PACHAVITA",
  "PACHO",
  "PACOA",
  "PACORA",
  "PADILLA",
  "PAEZ",
  "PAEZ",
  "PAICOL",
  "PAILITAS",
  "PAIME",
  "PAIPA",
  "PAJARITO",
  "PALERMO",
  "PALESTINA",
  "PALESTINA",
  "PALMAR",
  "PALMAS DEL SOCORRO",
  "PALMIRA",
  "PALMITO",
  "PALOCABILDO",
  "PAMPLONA",
  "PAMPLONITA",
  "PANA PANA",
  "PANDI",
  "PANQUEBA",
  "PAPUNAUA",
  "PARAMO",
  "PARATEBUENO",
  "PASCA",
  "PASTO",
  "PATIA",
  "PAUNA",
  "PAYA",
  "PAZ DE ARIPORO",
  "PAZ DE RIO",
  "PEDRAZA",
  "PELAYA",
  "PENSILVANIA",
  "PEQUE",
  "PEREIRA",
  "PESCA",
  "PEÐOL",
  "PIAMONTE",
  "PIEDECUESTA",
  "PIEDRAS",
  "PIENDAMO",
  "PIJAO",
  "PIJIÑO DEL CARMEN",
  "PINCHOTE",
  "PINILLOS",
  "PISBA",
  "PITAL",
  "PITALITO",
  "PIVIJAY",
  "PLANADAS",
  "PLANETA RICA",
  "PLATO",
  "POLICARPA",
  "POPAYAN",
  "PORE",
  "POTOSI",
  "PRADERA",
  "PRADO",
  "PROVIDENCIA",
  "PROVIDENCIA",
  "PUEBLO BELLO",
  "PUEBLO NUEVO",
  "PUEBLO RICO",
  "PUEBLORRICO",
  "PUEBLOVIEJO",
  "PUENTE NACIONAL",
  "PUERRES",
  "PUERTO ALEGRIA",
  "PUERTO ARICA",
  "PUERTO ASIS",
  "PUERTO BERRIO",
  "PUERTO BOYACA",
  "PUERTO CAICEDO",
  "PUERTO CARREÑO",
  "PUERTO COLOMBIA",
  "PUERTO CONCORDIA",
  "PUERTO ESCONDIDO",
  "PUERTO GAITAN",
  "PUERTO GUZMAN",
  "PUERTO LIBERTADOR",
  "PUERTO LLERAS",
  "PUERTO LOPEZ",
  "PUERTO NARE",
  "PUERTO NARIÑO",
  "PUERTO PARRA",
  "PUERTO RICO",
  "PUERTO RICO",
  "PUERTO RONDON",
  "PUERTO SALGAR",
  "PUERTO SANTANDER",
  "PUERTO SANTANDER",
  "PUERTO TEJADA",
  "PUERTO TRIUNFO",
  "PUERTO WILCHES",
  "PULI",
  "PUPIALES",
  "PURACE",
  "PURIFICACION",
  "PURISIMA",
  "QUEBRADANEGRA",
  "QUETAME",
  "QUIBDO",
  "QUIMBAYA",
  "QUINCHIA",
  "QUIPAMA",
  "QUIPILE",
  "RAGONVALIA",
  "RAMIRIQUI",
  "RAQUIRA",
  "RECETOR",
  "REGIDOR",
  "REMEDIOS",
  "REMOLINO",
  "RESTREPO",
  "RESTREPO",
  "RETIRO",
  "RICAURTE",
  "RICAURTE",
  "RIO DE ORO",
  "RIO IRO",
  "RIO QUITO",
  "RIO VIEJO",
  "RIOBLANCO",
  "RIOFRIO",
  "RIOHACHA",
  "RIONEGRO",
  "RIONEGRO",
  "RIOSUCIO",
  "RIOSUCIO",
  "RISARALDA",
  "RIVERA",
  "ROBERTO PAYAN",
  "ROLDANILLO",
  "RONCESVALLES",
  "RONDON",
  "ROSAS",
  "ROVIRA",
  "SABANA DE TORRES",
  "SABANALARGA",
  "SABANALARGA",
  "SABANAS DE SAN ANGEL",
  "SABANETA",
  "SABOYA",
  "SACAMA",
  "SACHICA",
  "SAHAGUN",
  "SALADOBLANCO",
  "SALAMINA",
  "SALAMINA",
  "SALAZAR",
  "SALDAÑA",
  "SALENTO",
  "SALGAR",
  "SAMACA",
  "SAMANA",
  "SAMANIEGO",
  "SAMPUES",
  "SAN AGUSTIN",
  "SAN ALBERTO",
  "SAN ANDRES",
  "SAN ANDRES",
  "SAN ANDRES DE CUERQUIA",
  "SAN ANDRES DE TUMACO",
  "SAN ANDRES SOTAVENTO",
  "SAN ANTERO",
  "SAN ANTONIO",
  "SAN ANTONIO DEL TEQUENDAMA",
  "SAN BENITO",
  "SAN BENITO ABAD",
  "SAN BERNARDO",
  "SAN BERNARDO",
  "SAN BERNARDO DEL VIENTO",
  "SAN CALIXTO",
  "SAN CARLOS",
  "SAN CARLOS",
  "SAN CARLOS DE GUAROA",
  "SAN CAYETANO",
  "SAN CAYETANO",
  "SAN CRISTOBAL",
  "SAN DIEGO",
  "SAN EDUARDO",
  "SAN ESTANISLAO",
  "SAN FELIPE",
  "SAN FERNANDO",
  "SAN FRANCISCO",
  "SAN FRANCISCO",
  "SAN FRANCISCO",
  "SAN GIL",
  "SAN JACINTO",
  "SAN JACINTO DEL CAUCA",
  "SAN JERONIMO",
  "SAN JOAQUIN",
  "SAN JOSE",
  "SAN JOSE DE LA MONTAÑA",
  "SAN JOSE DE MIRANDA",
  "SAN JOSE DE PARE",
  "SAN JOSE DEL FRAGUA",
  "SAN JOSE DEL GUAVIARE",
  "SAN JOSE DEL PALMAR",
  "SAN JUAN DE ARAMA",
  "SAN JUAN DE BETULIA",
  "SAN JUAN DE RIO SECO",
  "SAN JUAN DE URABA",
  "SAN JUAN DEL CESAR",
  "SAN JUAN NEPOMUCENO",
  "SAN JUANITO",
  "SAN LORENZO",
  "SAN LUIS",
  "SAN LUIS",
  "SAN LUIS DE GACENO",
  "SAN LUIS DE PALENQUE",
  "SAN LUIS DE SINCE",
  "SAN MARCOS",
  "SAN MARTIN",
  "SAN MARTIN",
  "SAN MARTIN DE LOBA",
  "SAN MATEO",
  "SAN MIGUEL",
  "SAN MIGUEL",
  "SAN MIGUEL DE SEMA",
  "SAN ONOFRE",
  "SAN PABLO",
  "SAN PABLO",
  "SAN PABLO DE BORBUR",
  "SAN PEDRO",
  "SAN PEDRO",
  "SAN PEDRO",
  "SAN PEDRO DE CARTAGO",
  "SAN PEDRO DE URABA",
  "SAN PELAYO",
  "SAN RAFAEL",
  "SAN ROQUE",
  "SAN SEBASTIAN",
  "SAN SEBASTIAN DE BUENAVISTA",
  "SAN VICENTE",
  "SAN VICENTE DE CHUCURI",
  "SAN VICENTE DEL CAGUAN",
  "SAN ZENON",
  "SANDONA",
  "SANTA ANA",
  "SANTA BARBARA",
  "SANTA BARBARA",
  "SANTA BARBARA",
  "SANTA BARBARA DE PINTO",
  "SANTA CATALINA",
  "SANTA HELENA DEL OPON",
  "SANTA ISABEL",
  "SANTA MARIA",
  "SANTA MARIA",
  "SANTA MARTA",
  "SANTA ROSA",
  "SANTA ROSA",
  "SANTA ROSA DE CABAL",
  "SANTA ROSA DE OSOS",
  "SANTA ROSA DE VITERBO",
  "SANTA ROSA DEL SUR",
  "SANTA ROSALIA",
  "SANTA SOFIA",
  "SANTACRUZ",
  "SANTAFE DE ANTIOQUIA",
  "SANTANA",
  "SANTANDER DE QUILICHAO",
  "SANTIAGO",
  "SANTIAGO",
  "SANTIAGO DE TOLU",
  "SANTO DOMINGO",
  "SANTUARIO",
  "SAPUYES",
  "SARAVENA",
  "SARDINATA",
  "SASAIMA",
  "SATIVANORTE",
  "SATIVASUR",
  "SEGOVIA",
  "SESQUILE",
  "SEVILLA",
  "SIACHOQUE",
  "SIBATE",
  "SIBUNDOY",
  "SILOS",
  "SILVANIA",
  "SILVIA",
  "SIMACOTA",
  "SIMIJACA",
  "SIMITI",
  "SINCELEJO",
  "SIPI",
  "SITIONUEVO",
  "SOACHA",
  "SOATA",
  "SOCHA",
  "SOCORRO",
  "SOCOTA",
  "SOGAMOSO",
  "SOLANO",
  "SOLITA",
  "SOMONDOCO",
  "SONSON",
  "SOPETRAN",
  "SOPLAVIENTO",
  "SOPO",
  "SORA",
  "SORACA",
  "SOTAQUIRA",
  "SOTARA",
  "SUAITA",
  "SUAREZ",
  "SUAREZ",
  "SUAZA",
  "SUBACHOQUE",
  "SUCRE",
  "SUCRE",
  "SUCRE",
  "SUESCA",
  "SUPATA",
  "SUPIA",
  "SURATA",
  "SUSA",
  "SUSACON",
  "SUTAMARCHAN",
  "SUTATAUSA",
  "SUTATENZA",
  "TABIO",
  "TADO",
  "TALAIGUA NUEVO",
  "TAMALAMEQUE",
  "TAMARA",
  "TAME",
  "TAMESIS",
  "TAMINANGO",
  "TANGUA",
  "TARAIRA",
  "TARAPACA",
  "TARAZA",
  "TARQUI",
  "TARSO",
  "TASCO",
  "TAURAMENA",
  "TAUSA",
  "TELLO",
  "TENA",
  "TENERIFE",
  "TENJO",
  "TENZA",
  "TEORAMA",
  "TERUEL",
  "TESALIA",
  "TIBACUY",
  "TIBANA",
  "TIBASOSA",
  "TIBIRITA",
  "TIBU",
  "TIERRALTA",
  "TIMANA",
  "TIMBIO",
  "TIMBIQUI",
  "TINJACA",
  "TIPACOQUE",
  "TIQUISIO",
  "TITIRIBI",
  "TOCA",
  "TOCAIMA",
  "TOCANCIPA",
  "TOGsI",
  "TOLEDO",
  "TOLEDO",
  "TOLU VIEJO",
  "TONA",
  "TOPAGA",
  "TOPAIPI",
  "TORIBIO",
  "TORO",
  "TOTA",
  "TOTORO",
  "TRINIDAD",
  "TRUJILLO",
  "TULUA",
  "TUNJA",
  "TUNUNGUA",
  "TUQUERRES",
  "TURBACO",
  "TURBANA",
  "TURBO",
  "TURMEQUE",
  "TUTA",
  "TUTAZA",
  "UBALA",
  "UBAQUE",
  "ULLOA",
  "UMBITA",
  "UNE",
  "UNGUIA",
  "UNION PANAMERICANA",
  "URAMITA",
  "URIBE",
  "URIBIA",
  "URRAO",
  "URUMITA",
  "UTICA",
  "VALDIVIA",
  "VALENCIA",
  "VALLE DE SAN JOSE",
  "VALLE DE SAN JUAN",
  "VALLE DEL GUAMUEZ",
  "VALLEDUPAR",
  "VALPARAISO",
  "VALPARAISO",
  "VEGACHI",
  "VELEZ",
  "VENADILLO",
  "VENECIA",
  "VENECIA",
  "VENTAQUEMADA",
  "VERGARA",
  "VERSALLES",
  "VETAS",
  "VIANI",
  "VICTORIA",
  "VIGIA DEL FUERTE",
  "VIJES",
  "VILLA CARO",
  "VILLA DE LEYVA",
  "VILLA DE SAN DIEGO DE UBATE",
  "VILLA DEL ROSARIO",
  "VILLA RICA",
  "VILLAGARZON",
  "VILLAGOMEZ",
  "VILLAHERMOSA",
  "VILLAMARIA",
  "VILLANUEVA",
  "VILLANUEVA",
  "VILLANUEVA",
  "VILLANUEVA",
  "VILLAPINZON",
  "VILLARRICA",
  "VILLAVICENCIO",
  "VILLAVIEJA",
  "VILLETA",
  "VIOTA",
  "VIRACACHA",
  "VISTAHERMOSA",
  "VITERBO",
  "YACOPI",
  "YACUANQUER",
  "YAGUARA",
  "YALI",
  "YARUMAL",
  "YAVARATE",
  "YOLOMBO",
  "YONDO",
  "YOPAL",
  "YOTOCO",
  "YUMBO",
  "ZAMBRANO",
  "ZAPATOCA",
  "ZAPAYAN",
  "ZARAGOZA",
  "ZARZAL",
  "ZETAQUIRA",
  "ZIPACON",
  "ZIPAQUIRA",
  "ZONA BANANERA"
],
"BOGOTA D.C.": [
  "BOGOTA, D.C."],
  "BOLIVAR": [
  "ACHI",
  "ALTOS DEL ROSARIO",
  "ARENAL",
  "ARJONA",
  "ARROYOHONDO",
  "BARRANCO DE LOBA",
  "CALAMAR",
  "CANTAGALLO",
  "CARTAGENA",
  "CICUCO",
  "CLEMENCIA",
  "CORDOBA",
  "EL CARMEN DE BOLIVAR",
  "EL GUAMO",
  "EL PEÑON",
  "HATILLO DE LOBA",
  "MAGANGUE",
  "MAHATES",
  "MARGARITA",
  "MARIA LA BAJA",
  "MOMPOS",
  "MONTECRISTO",
  "MORALES",
  "NOROSI",
  "PINILLOS",
  "REGIDOR",
  "RIO VIEJO",
  "SAN CRISTOBAL",
  "SAN ESTANISLAO",
  "SAN FERNANDO",
  "SAN JACINTO",
  "SAN JACINTO DEL CAUCA",
  "SAN JUAN NEPOMUCENO",
  "SAN MARTIN DE LOBA",
  "SAN PABLO",
  "SANTA CATALINA",
  "SANTA ROSA",
  "SANTA ROSA DEL SUR",
  "SIMITI",
  "SOPLAVIENTO",
  "TALAIGUA NUEVO",
  "TIQUISIO",
  "TURBACO",
  "TURBANA",
  "VILLANUEVA",
  "ZAMBRANO"
],
"BOYACA":[
  "ALMEIDA",
  "AQUITANIA",
  "ARCABUCO",
  "BELEN",
  "BERBEO",
  "BETEITIVA",
  "BOAVITA",
  "BOYACA",
  "BRICEÑO",
  "BUENAVISTA",
  "BUSBANZA",
  "CALDAS",
  "CAMPOHERMOSO",
  "CERINZA",
  "CHINAVITA",
  "CHIQUINQUIRA",
  "CHIQUIZA",
  "CHISCAS",
  "CHITA",
  "CHITARAQUE",
  "CHIVATA",
  "CHIVOR",
  "CIENEGA",
  "COMBITA",
  "COPER",
  "CORRALES",
  "COVARACHIA",
  "CUBARA",
  "CUCAITA",
  "CUITIVA",
  "DUITAMA",
  "EL COCUY",
  "EL ESPINO",
  "FIRAVITOBA",
  "FLORESTA",
  "GACHANTIVA",
  "GAMEZA",
  "GARAGOA",
  "GUACAMAYAS",
  "GUATEQUE",
  "GUAYATA",
  "GsICAN",
  "IZA",
  "JENESANO",
  "JERICO",
  "LA CAPILLA",
  "LA UVITA",
  "LA VICTORIA",
  "LABRANZAGRANDE",
  "MACANAL",
  "MARIPI",
  "MIRAFLORES",
  "MONGUA",
  "MONGUI",
  "MONIQUIRA",
  "MOTAVITA",
  "MUZO",
  "NOBSA",
  "NUEVO COLON",
  "OICATA",
  "OTANCHE",
  "PACHAVITA",
  "PAEZ",
  "PAIPA",
  "PAJARITO",
  "PANQUEBA",
  "PAUNA",
  "PAYA",
  "PAZ DE RIO",
  "PESCA",
  "PISBA",
  "PUERTO BOYACA",
  "QUIPAMA",
  "RAMIRIQUI",
  "RAQUIRA",
  "RONDON",
  "SABOYA",
  "SACHICA",
  "SAMACA",
  "SAN EDUARDO",
  "SAN JOSE DE PARE",
  "SAN LUIS DE GACENO",
  "SAN MATEO",
  "SAN MIGUEL DE SEMA",
  "SAN PABLO DE BORBUR",
  "SANTA MARIA",
  "SANTA ROSA DE VITERBO",
  "SANTA SOFIA",
  "SANTANA",
  "SATIVANORTE",
  "SATIVASUR",
  "SIACHOQUE",
  "SOATA",
  "SOCHA",
  "SOCOTA",
  "SOGAMOSO",
  "SOMONDOCO",
  "SORA",
  "SORACA",
  "SOTAQUIRA",
  "SUSACON",
  "SUTAMARCHAN",
  "SUTATENZA",
  "TASCO",
  "TENZA",
  "TIBANA",
  "TIBASOSA",
  "TINJACA",
  "TIPACOQUE",
  "TOCA",
  "TOGsI",
  "TOPAGA",
  "TOTA",
  "TUNJA",
  "TUNUNGUA",
  "TURMEQUE",
  "TUTA",
  "TUTAZA",
  "UMBITA",
  "VENTAQUEMADA",
  "VILLA DE LEYVA",
  "VIRACACHA",
  "ZETAQUIRA"
],
"CALDAS":[
  "AGUADAS",
  "ANSERMA",
  "ARANZAZU",
  "BELALCAZAR",
  "CHINCHINA",
  "FILADELFIA",
  "LA DORADA",
  "LA MERCED",
  "MANIZALES",
  "MANZANARES",
  "MARMATO",
  "MARQUETALIA",
  "MARULANDA",
  "NEIRA",
  "NORCASIA",
  "PACORA",
  "PALESTINA",
  "PENSILVANIA",
  "RIOSUCIO",
  "RISARALDA",
  "SALAMINA",
  "SAMANA",
  "SAN JOSE",
  "SUPIA",
  "VICTORIA",
  "VILLAMARIA",
  "VITERBO"
],
"CAQUETA":[
  "ALBANIA",
  "BELEN DE LOS ANDAQUIES",
  "CARTAGENA DEL CHAIRA",
  "CURILLO",
  "EL DONCELLO",
  "EL PAUJIL",
  "FLORENCIA",
  "LA MONTAÑITA",
  "MILAN",
  "MORELIA",
  "PUERTO RICO",
  "SAN JOSE DEL FRAGUA",
  "SAN VICENTE DEL CAGUAN",
  "SOLANO",
  "SOLITA",
  "VALPARAISO"
],
"CAUCA":[
  "ALMAGUER",
  "ARGELIA",
  "BALBOA",
  "BOLIVAR",
  "BUENOS AIRES",
  "CAJIBIO",
  "CALDONO",
  "CALOTO",
  "CORINTO",
  "EL TAMBO",
  "FLORENCIA",
  "GUACHENE",
  "GUAPI",
  "INZA",
  "JAMBALO",
  "LA SIERRA",
  "LA VEGA",
  "LOPEZ",
  "MERCADERES",
  "MIRANDA",
  "MORALES",
  "PADILLA",
  "PAEZ",
  "PATIA",
  "PIAMONTE",
  "PIENDAMO",
  "POPAYAN",
  "PUERTO TEJADA",
  "PURACE",
  "ROSAS",
  "SAN SEBASTIAN",
  "SANTA ROSA",
  "SANTANDER DE QUILICHAO",
  "SILVIA",
  "SOTARA",
  "SUAREZ",
  "SUCRE",
  "TIMBIO",
  "TIMBIQUI",
  "TORIBIO",
  "TOTORO",
  "VILLA RICA"
],
"CESAR":[
  "AGUACHICA",
  "AGUSTIN CODAZZI",
  "ASTREA",
  "BECERRIL",
  "BOSCONIA",
  "CHIMICHAGUA",
  "CHIRIGUANA",
  "CURUMANI",
  "EL COPEY",
  "EL PASO",
  "GAMARRA",
  "GONZALEZ",
  "LA GLORIA",
  "LA JAGUA DE IBIRICO",
  "LA PAZ",
  "MANAURE",
  "PAILITAS",
  "PELAYA",
  "PUEBLO BELLO",
  "RIO DE ORO",
  "SAN ALBERTO",
  "SAN DIEGO",
  "SAN MARTIN",
  "TAMALAMEQUE",
  "VALLEDUPAR"
],
"CORDOBA":[
  "AYAPEL",
  "BUENAVISTA",
  "CANALETE",
  "CERETE",
  "CHIMA",
  "CHINU",
  "CIENAGA DE ORO",
  "COTORRA",
  "LA APARTADA",
  "LORICA",
  "LOS CORDOBAS",
  "MOMIL",
  "MONTELIBANO",
  "MONTERIA",
  "MOÑITOS",
  "PLANETA RICA",
  "PUEBLO NUEVO",
  "PUERTO ESCONDIDO",
  "PUERTO LIBERTADOR",
  "PURISIMA",
  "SAHAGUN",
  "SAN ANDRES SOTAVENTO",
  "SAN ANTERO",
  "SAN BERNARDO DEL VIENTO",
  "SAN CARLOS",
  "SAN PELAYO",
  "TIERRALTA",
  "VALENCIA"
],
"CUNDINAMARCA":[
  "AGUA DE DIOS",
  "ALBAN",
  "ANAPOIMA",
  "ANOLAIMA",
  "APULO",
  "ARBELAEZ",
  "BELTRAN",
  "BITUIMA",
  "BOJACA",
  "CABRERA",
  "CACHIPAY",
  "CAJICA",
  "CAPARRAPI",
  "CAQUEZA",
  "CARMEN DE CARUPA",
  "CHAGUANI",
  "CHIA",
  "CHIPAQUE",
  "CHOACHI",
  "CHOCONTA",
  "COGUA",
  "COTA",
  "CUCUNUBA",
  "EL COLEGIO",
  "EL PEÑON",
  "EL ROSAL",
  "FACATATIVA",
  "FOMEQUE",
  "FOSCA",
  "FUNZA",
  "FUQUENE",
  "FUSAGASUGA",
  "GACHALA",
  "GACHANCIPA",
  "GACHETA",
  "GAMA",
  "GIRARDOT",
  "GRANADA",
  "GUACHETA",
  "GUADUAS",
  "GUASCA",
  "GUATAQUI",
  "GUATAVITA",
  "GUAYABAL DE SIQUIMA",
  "GUAYABETAL",
  "GUTIERREZ",
  "JERUSALEN",
  "JUNIN",
  "LA CALERA",
  "LA MESA",
  "LA PALMA",
  "LA PEÑA",
  "LA VEGA",
  "LENGUAZAQUE",
  "MACHETA",
  "MADRID",
  "MANTA",
  "MEDINA",
  "MOSQUERA",
  "NARIÑO",
  "NEMOCON",
  "NILO",
  "NIMAIMA",
  "NOCAIMA",
  "PACHO",
  "PAIME",
  "PANDI",
  "PARATEBUENO",
  "PASCA",
  "PUERTO SALGAR",
  "PULI",
  "QUEBRADANEGRA",
  "QUETAME",
  "QUIPILE",
  "RICAURTE",
  "SAN ANTONIO DEL TEQUENDAMA",
  "SAN BERNARDO",
  "SAN CAYETANO",
  "SAN FRANCISCO",
  "SAN JUAN DE RIO SECO",
  "SASAIMA",
  "SESQUILE",
  "SIBATE",
  "SILVANIA",
  "SIMIJACA",
  "SOACHA",
  "SOPO",
  "SUBACHOQUE",
  "SUESCA",
  "SUPATA",
  "SUSA",
  "SUTATAUSA",
  "TABIO",
  "TAUSA",
  "TENA",
  "TENJO",
  "TIBACUY",
  "TIBIRITA",
  "TOCAIMA",
  "TOCANCIPA",
  "TOPAIPI",
  "UBALA",
  "UBAQUE",
  "UNE",
  "UTICA",
  "VENECIA",
  "VERGARA",
  "VIANI",
  "VILLA DE SAN DIEGO DE UBATE",
  "VILLAGOMEZ",
  "VILLAPINZON",
  "VILLETA",
  "VIOTA",
  "YACOPI",
  "ZIPACON",
  "ZIPAQUIRA"
],
"CHOCO":[
  "ACANDI",
  "ALTO BAUDO",
  "ATRATO",
  "BAGADO",
  "BAHIA SOLANO",
  "BAJO BAUDO",
  "BOJAYA",
  "CARMEN DEL DARIEN",
  "CERTEGUI",
  "CONDOTO",
  "EL CANTON DEL SAN PABLO",
  "EL CARMEN DE ATRATO",
  "EL LITORAL DEL SAN JUAN",
  "ISTMINA",
  "JURADO",
  "LLORO",
  "MEDIO ATRATO",
  "MEDIO BAUDO",
  "MEDIO SAN JUAN",
  "NOVITA",
  "NUQUI",
  "QUIBDO",
  "RIO IRO",
  "RIO QUITO",
  "RIOSUCIO",
  "SAN JOSE DEL PALMAR",
  "SIPI",
  "TADO",
  "UNGUIA",
  "UNION PANAMERICANA"
],
"HUILA":[
  "ACEVEDO",
  "AGRADO",
  "AIPE",
  "ALGECIRAS",
  "ALTAMIRA",
  "BARAYA",
  "CAMPOALEGRE",
  "COLOMBIA",
  "ELIAS",
  "GARZON",
  "GIGANTE",
  "GUADALUPE",
  "HOBO",
  "IQUIRA",
  "ISNOS",
  "LA ARGENTINA",
  "LA PLATA",
  "NATAGA",
  "NEIVA",
  "OPORAPA",
  "PAICOL",
  "PALERMO",
  "PALESTINA",
  "PITAL",
  "PITALITO",
  "RIVERA",
  "SALADOBLANCO",
  "SAN AGUSTIN",
  "SANTA MARIA",
  "SUAZA",
  "TARQUI",
  "TELLO",
  "TERUEL",
  "TESALIA",
  "TIMANA",
  "VILLAVIEJA",
  "YAGUARA"
],
"LA GUAJIRA":[
  "ALBANIA",
  "BARRANCAS",
  "DIBULLA",
  "DISTRACCION",
  "EL MOLINO",
  "FONSECA",
  "HATONUEVO",
  "LA JAGUA DEL PILAR",
  "MAICAO",
  "MANAURE",
  "RIOHACHA",
  "SAN JUAN DEL CESAR",
  "URIBIA",
  "URUMITA",
  "VILLANUEVA"
],
"MAGDALENA":[
  "ALGARROBO",
  "ARACATACA",
  "ARIGUANI",
  "CERRO SAN ANTONIO",
  "CHIBOLO",
  "CIENAGA",
  "CONCORDIA",
  "EL BANCO",
  "EL PIÑON",
  "EL RETEN",
  "FUNDACION",
  "GUAMAL",
  "NUEVA GRANADA",
  "PEDRAZA",
  "PIJIÑO DEL CARMEN",
  "PIVIJAY",
  "PLATO",
  "PUEBLOVIEJO",
  "REMOLINO",
  "SABANAS DE SAN ANGEL",
  "SALAMINA",
  "SAN SEBASTIAN DE BUENAVISTA",
  "SAN ZENON",
  "SANTA ANA",
  "SANTA BARBARA DE PINTO",
  "SANTA MARTA",
  "SITIONUEVO",
  "TENERIFE",
  "ZAPAYAN",
  "ZONA BANANERA"
],
"META":[
  "ACACIAS",
  "BARRANCA DE UPIA",
  "CABUYARO",
  "CASTILLA LA NUEVA",
  "CUBARRAL",
  "CUMARAL",
  "EL CALVARIO",
  "EL CASTILLO",
  "EL DORADO",
  "FUENTE DE ORO",
  "GRANADA",
  "GUAMAL",
  "LA MACARENA",
  "LEJANIAS",
  "MAPIRIPAN",
  "MESETAS",
  "PUERTO CONCORDIA",
  "PUERTO GAITAN",
  "PUERTO LLERAS",
  "PUERTO LOPEZ",
  "PUERTO RICO",
  "RESTREPO",
  "SAN CARLOS DE GUAROA",
  "SAN JUAN DE ARAMA",
  "SAN JUANITO",
  "SAN MARTIN",
  "URIBE",
  "VILLAVICENCIO",
  "VISTAHERMOSA"
],
"NARIÑO":
[
  "ALBAN",
  "ALDANA",
  "ANCUYA",
  "ARBOLEDA",
  "BARBACOAS",
  "BELEN",
  "BUESACO",
  "CHACHAGsI",
  "COLON",
  "CONSACA",
  "CONTADERO",
  "CORDOBA",
  "CUASPUD",
  "CUMBAL",
  "CUMBITARA",
  "EL CHARCO",
  "EL PEÑOL",
  "EL ROSARIO",
  "EL TABLON DE GOMEZ",
  "EL TAMBO",
  "FRANCISCO PIZARRO",
  "FUNES",
  "GUACHUCAL",
  "GUAITARILLA",
  "GUALMATAN",
  "ILES",
  "IMUES",
  "IPIALES",
  "LA CRUZ",
  "LA FLORIDA",
  "LA LLANADA",
  "LA TOLA",
  "LA UNION",
  "LEIVA",
  "LINARES",
  "LOS ANDES",
  "MAGsI",
  "MALLAMA",
  "MOSQUERA",
  "NARIÑO",
  "OLAYA HERRERA",
  "OSPINA",
  "PASTO",
  "POLICARPA",
  "POTOSI",
  "PROVIDENCIA",
  "PUERRES",
  "PUPIALES",
  "RICAURTE",
  "ROBERTO PAYAN",
  "SAMANIEGO",
  "SAN ANDRES DE TUMACO",
  "SAN BERNARDO",
  "SAN LORENZO",
  "SAN PABLO",
  "SAN PEDRO DE CARTAGO",
  "SANDONA",
  "SANTA BARBARA",
  "SANTACRUZ",
  "SAPUYES",
  "TAMINANGO",
  "TANGUA",
  "TUQUERRES",
  "YACUANQUER"
],
"SANTANDER":[
  "AGUADA",
  "ALBANIA",
  "ARATOCA",
  "BARBOSA",
  "BARICHARA",
  "BARRANCABERMEJA",
  "BETULIA",
  "BOLIVAR",
  "BUCARAMANGA",
  "CABRERA",
  "CALIFORNIA",
  "CAPITANEJO",
  "CARCASI",
  "CEPITA",
  "CERRITO",
  "CHARALA",
  "CHARTA",
  "CHIMA",
  "CHIPATA",
  "CIMITARRA",
  "CONCEPCION",
  "CONFINES",
  "CONTRATACION",
  "COROMORO",
  "CURITI",
  "EL CARMEN DE CHUCURI",
  "EL GUACAMAYO",
  "EL PEÑON",
  "EL PLAYON",
  "ENCINO",
  "ENCISO",
  "FLORIAN",
  "FLORIDABLANCA",
  "GALAN",
  "GAMBITA",
  "GIRON",
  "GUACA",
  "GUADALUPE",
  "GUAPOTA",
  "GUAVATA",
  "GsEPSA",
  "HATO",
  "JESUS MARIA",
  "JORDAN",
  "LA BELLEZA",
  "LA PAZ",
  "LANDAZURI",
  "LEBRIJA",
  "LOS SANTOS",
  "MACARAVITA",
  "MALAGA",
  "MATANZA",
  "MOGOTES",
  "MOLAGAVITA",
  "OCAMONTE",
  "OIBA",
  "ONZAGA",
  "PALMAR",
  "PALMAS DEL SOCORRO",
  "PARAMO",
  "PIEDECUESTA",
  "PINCHOTE",
  "PUENTE NACIONAL",
  "PUERTO PARRA",
  "PUERTO WILCHES",
  "RIONEGRO",
  "SABANA DE TORRES",
  "SAN ANDRES",
  "SAN BENITO",
  "SAN GIL",
  "SAN JOAQUIN",
  "SAN JOSE DE MIRANDA",
  "SAN MIGUEL",
  "SAN VICENTE DE CHUCURI",
  "SANTA BARBARA",
  "SANTA HELENA DEL OPON",
  "SIMACOTA",
  "SOCORRO",
  "SUAITA",
  "SUCRE",
  "SURATA",
  "TONA",
  "VALLE DE SAN JOSE",
  "VELEZ",
  "VETAS",
  "VILLANUEVA",
  "ZAPATOCA"
],
"NORTE DE SANTANDER":[
  "ABREGO",
  "ARBOLEDAS",
  "BOCHALEMA",
  "BUCARASICA",
  "CACHIRA",
  "CACOTA",
  "CHINACOTA",
  "CHITAGA",
  "CONVENCION",
  "CUCUTA",
  "CUCUTILLA",
  "DURANIA",
  "EL CARMEN",
  "EL TARRA",
  "EL ZULIA",
  "GRAMALOTE",
  "HACARI",
  "HERRAN",
  "LA ESPERANZA",
  "LA PLAYA",
  "LABATECA",
  "LOS PATIOS",
  "LOURDES",
  "MUTISCUA",
  "OCAÑA",
  "PAMPLONA",
  "PAMPLONITA",
  "PUERTO SANTANDER",
  "RAGONVALIA",
  "SALAZAR",
  "SAN CALIXTO",
  "SAN CAYETANO",
  "SANTIAGO",
  "SARDINATA",
  "SILOS",
  "TEORAMA",
  "TIBU",
  "TOLEDO",
  "VILLA CARO",
  "VILLA DEL ROSARIO"
],
"TOLIMA":[
  "ALPUJARRA",
  "ALVARADO",
  "AMBALEMA",
  "ANZOATEGUI",
  "ARMERO",
  "ATACO",
  "CAJAMARCA",
  "CARMEN DE APICALA",
  "CASABIANCA",
  "CHAPARRAL",
  "COELLO",
  "COYAIMA",
  "CUNDAY",
  "DOLORES",
  "ESPINAL",
  "FALAN",
  "FLANDES",
  "FRESNO",
  "GUAMO",
  "HERVEO",
  "HONDA",
  "IBAGUE",
  "ICONONZO",
  "LERIDA",
  "LIBANO",
  "MARIQUITA",
  "MELGAR",
  "MURILLO",
  "NATAGAIMA",
  "ORTEGA",
  "PALOCABILDO",
  "PIEDRAS",
  "PLANADAS",
  "PRADO",
  "PURIFICACION",
  "RIOBLANCO",
  "RONCESVALLES",
  "ROVIRA",
  "SALDAÑA",
  "SAN ANTONIO",
  "SAN LUIS",
  "SANTA ISABEL",
  "SUAREZ",
  "VALLE DE SAN JUAN",
  "VENADILLO",
  "VILLAHERMOSA",
  "VILLARRICA"
],
"QUINDIO":[
  "ARMENIA",
  "BUENAVISTA",
  "CALARCA",
  "CIRCASIA",
  "CORDOBA",
  "FILANDIA",
  "GENOVA",
  "LA TEBAIDA",
  "MONTENEGRO",
  "PIJAO",
  "QUIMBAYA",
  "SALENTO"
], "RISARALDA":[
  "APIA",
  "BALBOA",
  "BELEN DE UMBRIA",
  "DOSQUEBRADAS",
  "GUATICA",
  "LA CELIA",
  "LA VIRGINIA",
  "MARSELLA",
  "MISTRATO",
  "PEREIRA",
  "PUEBLO RICO",
  "QUINCHIA",
  "SANTA ROSA DE CABAL",
  "SANTUARIO"
],"SUCRE":[
  "BUENAVISTA",
  "CAIMITO",
  "CHALAN",
  "COLOSO",
  "COROZAL",
  "COVEÑAS",
  "EL ROBLE",
  "GALERAS",
  "GUARANDA",
  "LA UNION",
  "LOS PALMITOS",
  "MAJAGUAL",
  "MORROA",
  "OVEJAS",
  "PALMITO",
  "SAMPUES",
  "SAN BENITO ABAD",
  "SAN JUAN DE BETULIA",
  "SAN LUIS DE SINCE",
  "SAN MARCOS",
  "SAN ONOFRE",
  "SAN PEDRO",
  "SANTIAGO DE TOLU",
  "SINCELEJO",
  "SUCRE",
  "TOLU VIEJO"
], "VALLE DEL CAUCA":[
  "ALCALA",
  "ANDALUCIA",
  "ANSERMANUEVO",
  "ARGELIA",
  "BOLIVAR",
  "BUENAVENTURA",
  "BUGALAGRANDE",
  "CAICEDONIA",
  "CALI",
  "CALIMA",
  "CANDELARIA",
  "CARTAGO",
  "DAGUA",
  "EL AGUILA",
  "EL CAIRO",
  "EL CERRITO",
  "EL DOVIO",
  "FLORIDA",
  "GINEBRA",
  "GUACARI",
  "GUADALAJARA DE BUGA",
  "JAMUNDI",
  "LA CUMBRE",
  "LA UNION",
  "LA VICTORIA",
  "OBANDO",
  "PALMIRA",
  "PRADERA",
  "RESTREPO",
  "RIOFRIO",
  "ROLDANILLO",
  "SAN PEDRO",
  "SEVILLA",
  "TORO",
  "TRUJILLO",
  "TULUA",
  "ULLOA",
  "VERSALLES",
  "VIJES",
  "YOTOCO",
  "YUMBO",
  "ZARZAL"
],
"CASANARE":[
  "AGUAZUL",
  "CHAMEZA",
  "HATO COROZAL",
  "LA SALINA",
  "MANI",
  "MONTERREY",
  "NUNCHIA",
  "OROCUE",
  "PAZ DE ARIPORO",
  "PORE",
  "RECETOR",
  "SABANALARGA",
  "SACAMA",
  "SAN LUIS DE PALENQUE",
  "TAMARA",
  "TAURAMENA",
  "TRINIDAD",
  "VILLANUEVA",
  "YOPAL"
],
"ARAUCA":[
  "ARAUCA",
  "ARAUQUITA",
  "CRAVO NORTE",
  "FORTUL",
  "PUERTO RONDON",
  "SARAVENA",
  "TAME"
], "PUTUMAYO":[
  "COLON",
  "ORITO",
  "PUERTO ASIS",
  "PUERTO CAICEDO",
  "PUERTO GUZMAN",
  "LEGUIZAMO",
  "SIBUNDOY",
  "SAN FRANCISCO",
  "SAN MIGUEL",
  "SANTIAGO",
  "VALLE DEL GUAMUEZ",
  "VILLAGARZON"]
  , "SAN ANDRES Y PROVIDENCIA":[
  "PROVIDENCIA Y SANTA CATALINA",
    "SAN ANDRES"
  ],
"AMAZONAS":[
  "EL ENCANTO",
  "LA CHORRERA",
  "LA PEDRERA",
  "LA VICTORIA",
  "LETICIA",
  "MIRITI - PARANA",
  "PUERTO ALEGRIA",
  "PUERTO ARICA",
  "PUERTO NARIÑO",
  "PUERTO SANTANDER",
  "TARAPACA"
],"GUAINIA":[
  "BARRANCO MINAS",
  "CACAHUAL",
  "INIRIDA",
  "LA GUADALUPE",
  "MAPIRIPANA",
  "MORICHAL",
  "PANA PANA",
  "PUERTO COLOMBIA",
  "SAN FELIPE"
],"GUAVIARE":[
  "CALAMAR",
  "EL RETORNO",
  "MIRAFLORES",
  "SAN JOSE DEL GUAVIARE"
],"VAUPES":[
  "CARURU",
  "MITU",
  "PACOA",
  "TARAIRA",
  "PAPUNAUA",
  "YAVARATE"
],"VICHADA":[
  "CUMARIBO",
  "LA PRIMAVERA",
  "SANTA ROSALIA",
  "PUERTO CARREÑO"
]


}
